,name,count,hours
0,bernie,71.0,8.184166666666666
1,biden,26.0,5.39
2,hillary,50.0,5.5552777777777775
3,justin,48.0,5.076388888888889
4,may,61.0,4.521388888888889
5,michelle,17.0,0.5427777777777778
6,modi,9.0,5.613611111111111
7,obama,304.0,18.934444444444445
8,pelosi,24.0,4.3869444444444445
9,putin,31.0,13.33361111111111
10,trump,92.0,11.213055555555556
11,warren,33.0,4.438055555555556
